{
  "video_meta": {
    "width": 640,
    "height": 360
  },
  "lanes": [
    {
      "id": 0,
      "polygon": [
        [
          446,
          246
        ],
        [
          278,
          266
        ],
        [
          268,
          192
        ],
        [
          368,
          181
        ]
      ],
      "arrow": [
        [
          391,
          265
        ],
        [
          328,
          177
        ]
      ],
      "direction": [
        -0.5821119003185249,
        -0.8131086861592094
      ]
    }
  ]
}