{
  "video_meta": {
    "width": 1280,
    "height": 720
  },
  "lanes": [
    {
      "id": 0,
      "polygon": [
        [
          1114,
          246
        ],
        [
          786,
          201
        ],
        [
          1040,
          130
        ],
        [
          1144,
          139
        ]
      ],
      "arrow": [
        [
          923,
          246
        ],
        [
          1101,
          126
        ]
      ],
      "direction": [
        0.8291725540450335,
        -0.5589927330640676
      ]
    }
  ]
}