{
  "video_meta": {
    "width": 640,
    "height": 360
  },
  "lanes": [
    {
      "id": 0,
      "polygon": [
        [
          463,
          202
        ],
        [
          262,
          192
        ],
        [
          390,
          46
        ],
        [
          456,
          48
        ]
      ],
      "arrow": [
        [
          364,
          215
        ],
        [
          426,
          35
        ]
      ],
      "direction": [
        0.32566690635142276,
        -0.9454845668267112
      ]
    }
  ]
}