{
  "video_meta": {
    "width": 640,
    "height": 360
  },
  "lanes": [
    {
      "id": 0,
      "polygon": [
        [
          338,
          156
        ],
        [
          188,
          204
        ],
        [
          271,
          214
        ],
        [
          374,
          162
        ]
      ],
      "arrow": [
        [
          359,
          156
        ],
        [
          210,
          218
        ]
      ],
      "direction": [
        -0.9232601429774134,
        0.3841753615073801
      ]
    }
  ]
}