{
  "video_meta": {
    "width": 1364,
    "height": 768
  },
  "lanes": [
    {
      "id": 0,
      "polygon": [
        [
          647,
          200
        ],
        [
          844,
          243
        ],
        [
          498,
          417
        ],
        [
          368,
          336
        ]
      ],
      "arrow": [
        [
          683,
          248
        ],
        [
          487,
          349
        ]
      ],
      "direction": [
        -0.8889185990788495,
        0.45806519646410104
      ]
    }
  ]
}