{
  "video_meta": {
    "width": 596,
    "height": 308
  },
  "lanes": [
    {
      "id": 0,
      "polygon": [
        [
          146,
          190
        ],
        [
          317,
          186
        ],
        [
          243,
          139
        ],
        [
          131,
          141
        ]
      ],
      "arrow": [
        [
          208,
          174
        ],
        [
          197,
          148
        ]
      ],
      "direction": [
        -0.389639990836698,
        -0.9209672510685588
      ]
    },
    {
      "id": 1,
      "polygon": [
        [
          346,
          181
        ],
        [
          429,
          224
        ],
        [
          567,
          194
        ],
        [
          467,
          154
        ]
      ],
      "arrow": [
        [
          434,
          171
        ],
        [
          468,
          195
        ]
      ],
      "direction": [
        0.8169678632647616,
        0.5766831975986553
      ]
    }
  ]
}