{
  "video_meta": {
    "width": 1600,
    "height": 720
  },
  "lanes": [
    {
      "id": 0,
      "polygon": [
        [
          267,
          86
        ],
        [
          559,
          207
        ],
        [
          338,
          295
        ],
        [
          168,
          128
        ]
      ],
      "arrow": [
        [
          211,
          92
        ],
        [
          469,
          269
        ]
      ],
      "direction": [
        0.8246010566562447,
        0.5657146784037027
      ]
    }
  ]
}